{"cameraMode":{"drawMode":0,"name":"Shaded","section":"Shading Mode"},"sceneLighting":true,"audioPlay":false,"sceneViewState":{"showFog":true,"showMaterialUpdate":false,"showSkybox":true,"showFlares":true,"showImageEffects":true,"showParticleSystems":true,"showVisualEffectGraphs":true,"m_FxEnabled":true},"in2DMode":false,"pivot":{"x":467.39080810546877,"y":184.1127166748047,"z":280.66455078125},"rotation":{"x":0.03180458024144173,"y":0.0029930169694125654,"z":-0.00009369748295284808,"w":0.9994932413101196},"size":457.5595397949219,"orthographic":false}